EuropeAddress,UnitedStatesAddress,IndianAddress
10 Downing Street London SW1A 2AA United Kingdom,1600 Pennsylvania Ave NW Washington DC 20500 USA,1 Rashtrapati Bhavan New Delhi 110004 Delhi India
1 Rue de Rivoli 75001 Paris France,350 Fifth Avenue New York NY 10118 USA,2 Rajpath Marg New Delhi 110001 Delhi India
Schönbrunner Str. 47 1050 Wien Austria,600 Montgomery St San Francisco CA 94111 USA,3 Brigade Road Bangalore 560001 Karnataka India
Calle de Alcalá 13 28014 Madrid Spain,1111 S Figueroa St Los Angeles CA 90015 USA,4 Marine Drive Mumbai 400020 Maharashtra India
Via del Corso 00186 Roma RM Italy,233 S Wacker Dr Chicago IL 60606 USA,5 MG Road Pune 411001 Maharashtra India
Unter den Linden 77 10117 Berlin Germany,1600 Amphitheatre Parkway Mountain View CA 94043 USA,6 Ashram Road Ahmedabad 380009 Gujarat India
Damrak 1-5 1012 LG Amsterdam Netherlands,One Microsoft Way Redmond WA 98052 USA,7 Connaught Place New Delhi 110001 Delhi India
Váci utca 1 1052 Budapest Hungary,100 Universal City Plaza Universal City CA 91608 USA,8 Park Street Kolkata 700016 West Bengal India
Karl Johans gate 22 0159 Oslo Norway,1211 Avenue of the Americas New York NY 10036 USA,9 Ranganathan Street Chennai 600017 Tamil Nadu India
Aleksanterinkatu 52 00100 Helsinki Finland,500 S Buena Vista St Burbank CA 91521 USA,10 Residency Road Bangalore 560025 Karnataka India
Karlova 2 110 00 Praha 1 Czech Republic,1701 John F Kennedy Blvd Philadelphia PA 19103 USA,11 Camac Street Kolkata 700017 West Bengal India
Kärntner Ring 1 1010 Wien Austria,10 S Dearborn St Chicago IL 60603 USA,12 MG Road Bangalore 560001 Karnataka India
Strøget 1000 København K Denmark,600 Peachtree St NE Atlanta GA 30308 USA,13 Brigade Road Bangalore 560001 Karnataka India
Plaza Mayor 28012 Madrid Spain,One Apple Park Way Cupertino CA 95014 USA,14 Park Street Kolkata 700016 West Bengal India
Avenue des Champs-Élysées 75008 Paris France,2000 McKinney Ave Dallas TX 75201 USA,15 MG Road Bangalore 560001 Karnataka India
Rua Augusta 1100-048 Lisboa Portugal,One Infinite Loop Cupertino CA 95014 USA,16 Connaught Place New Delhi 110001 Delhi India
Stadhouderskade 78 1072 AE Amsterdam Netherlands,151 W 34th St New York NY 10001 USA,17 Ashram Road Ahmedabad 380009 Gujarat India
Rue Neuve 123 1000 Bruxelles Belgium,1601 Willow Rd Menlo Park CA 94025 USA,18 Brigade Road Bangalore 560001 Karnataka India
Graben 28 1010 Wien Austria,One AT&T Way Dallas TX 75019 USA,19 Park Street Kolkata 700016 West Bengal India
Gran Via 28013 Madrid Spain,410 Terry Ave N Seattle WA 98109 USA,20 Residency Road Bangalore 560025 Karnataka India
Plaza de Cibeles 28014 Madrid Spain,950 S Coast Dr Costa Mesa CA 92626 USA,21 Camac Street Kolkata 700017 West Bengal India
Damrak 243 1012 ZJ Amsterdam Netherlands,1 Hacker Way Menlo Park CA 94025 USA,22 MG Road Bangalore 560001 Karnataka India
Place de la Concorde 75008 Paris France,345 Park Ave San Jose CA 95110 USA,23 Brigade Road Bangalore 560001 Karnataka India
Piazza del Duomo 20122 Milano MI Italy,1801 E St NW Washington DC 20006 USA,24 Park Street Kolkata 700016 West Bengal India
Kurfürstendamm 234 10719 Berlin Germany,1355 Market St San Francisco CA 94103 USA,25 MG Road Bangalore 560001 Karnataka India
Museumplein 6 1071 DJ Amsterdam Netherlands,277 Bedford Ave Brooklyn NY 11211 USA,26 Connaught Place New Delhi 110001 Delhi India
Rathausplatz 1 1010 Wien Austria,700 S Rosemary Ave West Palm Beach FL 33401 USA,27 Ashram Road Ahmedabad 380009 Gujarat India
Königsallee 1 40212 Düsseldorf Germany,601 Figueroa St Los Angeles CA 90017 USA,28 Brigade Road Bangalore 560001 Karnataka India
Václavské náměstí 68 110 00 Praha 1 Czech Republic,275 Battery St San Francisco CA 94111 USA,29 Park Street Kolkata 700016 West Bengal India
Rua de Santa Catarina 4000-447 Porto Portugal,245 Park Ave New York NY 10167 USA,30 Residency Road Bangalore 560025 Karnataka India
Passeig de Gràcia 08007 Barcelona Spain,1345 Avenue of the Americas New York NY 10105 USA,31 Camac Street Kolkata 700017 West Bengal India
Piazza della Signoria 50122 Firenze FI Italy,1200 Getty Center Dr Los Angeles CA 90049 USA,32 MG Road Bangalore 560001 Karnataka India
Nevsky Prospekt 191025 Saint Petersburg Russia,400 Broad St Seattle WA 98109 USA,33 Brigade Road Bangalore 560001 Karnataka India
Mannerheimintie 22-24 00100 Helsinki Finland,200 Central Park West New York NY 10024 USA,34 Park Street Kolkata 700016 West Bengal India
Karl-Liebknecht-Straße 8 10178 Berlin Germany,1100 Avenue of the Americas New York NY 10036 USA,35 MG Road Bangalore 560001 Karnataka India
Piazza San Marco 30124 Venezia VE Italy,101 Market St San Francisco CA 94105 USA,36 Connaught Place New Delhi 110001 Delhi India
O'Connell Street Dublin 1 Ireland,12th Avenue Seattle WA 98122 USA,37 Ashram Road Ahmedabad 380009 Gujarat India
Andrássy út 22 1061 Budapest Hungary,1800 E Olympic Blvd Los Angeles CA 90021 USA,38 Brigade Road Bangalore 560001 Karnataka India
Plaza del Ayuntamiento 46002 Valencia Spain,742 Evergreen Terrace Springfield IL 62704 USA,39 Park Street Kolkata 700016 West Bengal India
Avinguda Diagonal 08019 Barcelona Spain,275 Madison Ave New York NY 10016 USA,40 Residency Road Bangalore 560025 Karnataka India
Piazza del Popolo 00187 Roma RM Italy,1600 Willow Rd Menlo Park CA 94025 USA,41 Camac Street Kolkata 700017 West Bengal India
Gran Vía de les Corts Catalanes 08007 Barcelona Spain,100 Federal St Boston MA 02110 USA,42 MG Road Bangalore 560001 Karnataka India
Calle Gran Vía 28013 Madrid Spain,50 Fremont St San Francisco CA 94105 USA,43 Brigade Road Bangalore 560001 Karnataka India
Koningsplein 1017 BB Amsterdam Netherlands,600 Congress Ave Austin TX 78701 USA,44 Park Street Kolkata 700016 West Bengal India
Piazza del Plebiscito 80132 Napoli NA Italy,150 N Michigan Ave Chicago IL 60601 USA,45 MG Road Bangalore 560001 Karnataka India
Brandenburger Tor Pariser Platz 10117 Berlin Germany,777 S Figueroa St Los Angeles CA 90017 USA,46 Connaught Place New Delhi 110001 Delhi India
Rådhuspladsen 1 1550 København Denmark,900 E St NW Washington DC 20004 USA,47 Ashram Road Ahmedabad 380009 Gujarat India
Potsdamer Platz 1 10785 Berlin Germany,11 Wall St New York NY 10005 USA,48 Brigade Road Bangalore 560001 Karnataka India
Grafton Street Dublin 2 Ireland,30 Rockefeller Plaza New York NY 10112 USA,49 Park Street Kolkata 700016 West Bengal India
Syntagma Square Athens 105 63 Greece,1 Times Square New York NY 10036 USA,50 Residency Road Bangalore 560025 Karnataka India